{
  "project_info": {
    "project_number": "641525859993",
    "project_id": "team3mapd711project",
    "storage_bucket": "team3mapd711project.firebasestorage.app"
  },
  "client": [
    {
      "client_info": {
        "mobilesdk_app_id": "1:641525859993:android:3f674e6d5f2d74ee8b1a08",
        "android_client_info": {
          "package_name": "com.ashna.team3_mapd711_project_milestone2"
        }
      },
      "oauth_client": [],
      "api_key": [
        {
          "current_key": "AIzaSyD2oZRc9aS1xEew7B28HqhqXAuS5E6SW4w"
        }
      ],
      "services": {
        "appinvite_service": {
          "other_platform_oauth_client": []
        }
      }
    }
  ],
  "configuration_version": "1"
}